sort_order,slug,category,jurisdiction,service_name,published_price,currency,partner_price,partner_price_ppn,source_period,source_title,source_file,source_page
1,asia-china-and-japan-jakarta-jurisdiction-china-single-entry-tourist-business-visa-regular,ASIA - CHINA & JAPAN,JAKARTA JURISDICTION,China Single Entry Tourist/Business Visa - Regular,2259000,IDR,,,April 2026,PRICELIST SPUN - OUTBOUND VISA - APRIL 2026,luar ke indo visa.pdf,1
2,asia-china-and-japan-jakarta-jurisdiction-china-single-entry-tourist-business-visa-express,ASIA - CHINA & JAPAN,JAKARTA JURISDICTION,China Single Entry Tourist/Business Visa - Express,3789000,IDR,,,April 2026,PRICELIST SPUN - OUTBOUND VISA - APRIL 2026,luar ke indo visa.pdf,1
3,asia-china-and-japan-jakarta-jurisdiction-china-double-entry-tourist-business-visa-regular,ASIA - CHINA & JAPAN,JAKARTA JURISDICTION,China Double Entry Tourist/Business Visa - Regular,2739000,IDR,,,April 2026,PRICELIST SPUN - OUTBOUND VISA - APRIL 2026,luar ke indo visa.pdf,1
4,asia-china-and-japan-jakarta-jurisdiction-china-double-entry-tourist-business-visa-express,ASIA - CHINA & JAPAN,JAKARTA JURISDICTION,China Double Entry Tourist/Business Visa - Express,4379000,IDR,,,April 2026,PRICELIST SPUN - OUTBOUND VISA - APRIL 2026,luar ke indo visa.pdf,1
5,asia-china-and-japan-jakarta-jurisdiction-china-multiple-entry-business-asean-visa-regular,ASIA - CHINA & JAPAN,JAKARTA JURISDICTION,China Multiple Entry Business ASEAN Visa - Regular,3099000,IDR,,,April 2026,PRICELIST SPUN - OUTBOUND VISA - APRIL 2026,luar ke indo visa.pdf,1
6,asia-china-and-japan-jakarta-jurisdiction-china-multiple-entry-business-asean-visa-express,ASIA - CHINA & JAPAN,JAKARTA JURISDICTION,China Multiple Entry Business ASEAN Visa - Express,4689000,IDR,,,April 2026,PRICELIST SPUN - OUTBOUND VISA - APRIL 2026,luar ke indo visa.pdf,1
7,asia-china-and-japan-jakarta-jurisdiction-japan-single-entry-tourist-visa-regular,ASIA - CHINA & JAPAN,JAKARTA JURISDICTION,Japan Single Entry Tourist Visa - Regular,2369000,IDR,,,April 2026,PRICELIST SPUN - OUTBOUND VISA - APRIL 2026,luar ke indo visa.pdf,1
8,asia-china-and-japan-jakarta-jurisdiction-japan-temporary-visit-business-visa-single-entry-regular,ASIA - CHINA & JAPAN,JAKARTA JURISDICTION,Japan Temporary Visit Business Visa (Single Entry) - Regular,3519000,IDR,,,April 2026,PRICELIST SPUN - OUTBOUND VISA - APRIL 2026,luar ke indo visa.pdf,1
9,asia-china-and-japan-jakarta-jurisdiction-japan-multiple-entry-tourist-visa-regular,ASIA - CHINA & JAPAN,JAKARTA JURISDICTION,Japan Multiple Entry Tourist Visa - Regular,2839000,IDR,,,April 2026,PRICELIST SPUN - OUTBOUND VISA - APRIL 2026,luar ke indo visa.pdf,1
10,asia-china-and-japan-surabaya-jurisdiction-china-single-entry-tourist-business-visa-regular,ASIA - CHINA & JAPAN,SURABAYA JURISDICTION,China Single Entry Tourist/Business Visa - Regular,3019000,IDR,,,April 2026,PRICELIST SPUN - OUTBOUND VISA - APRIL 2026,luar ke indo visa.pdf,1
11,asia-china-and-japan-surabaya-jurisdiction-china-single-entry-tourist-business-visa-express,ASIA - CHINA & JAPAN,SURABAYA JURISDICTION,China Single Entry Tourist/Business Visa - Express,4489000,IDR,,,April 2026,PRICELIST SPUN - OUTBOUND VISA - APRIL 2026,luar ke indo visa.pdf,1
12,asia-china-and-japan-surabaya-jurisdiction-china-double-entry-tourist-business-visa-regular,ASIA - CHINA & JAPAN,SURABAYA JURISDICTION,China Double Entry Tourist/Business Visa - Regular,3459000,IDR,,,April 2026,PRICELIST SPUN - OUTBOUND VISA - APRIL 2026,luar ke indo visa.pdf,1
13,asia-china-and-japan-surabaya-jurisdiction-china-double-entry-tourist-business-visa-express,ASIA - CHINA & JAPAN,SURABAYA JURISDICTION,China Double Entry Tourist/Business Visa - Express,5969000,IDR,,,April 2026,PRICELIST SPUN - OUTBOUND VISA - APRIL 2026,luar ke indo visa.pdf,1
14,asia-china-and-japan-surabaya-jurisdiction-china-multiple-entry-business-asean-visa-regular,ASIA - CHINA & JAPAN,SURABAYA JURISDICTION,China Multiple Entry Business ASEAN Visa - Regular,5219000,IDR,,,April 2026,PRICELIST SPUN - OUTBOUND VISA - APRIL 2026,luar ke indo visa.pdf,1
15,asia-china-and-japan-surabaya-jurisdiction-china-multiple-entry-business-asean-visa-express,ASIA - CHINA & JAPAN,SURABAYA JURISDICTION,China Multiple Entry Business ASEAN Visa - Express,5919000,IDR,,,April 2026,PRICELIST SPUN - OUTBOUND VISA - APRIL 2026,luar ke indo visa.pdf,1
16,asia-china-and-japan-surabaya-jurisdiction-japan-single-entry-tourist-visa-regular,ASIA - CHINA & JAPAN,SURABAYA JURISDICTION,Japan Single Entry Tourist Visa - Regular,2689000,IDR,,,April 2026,PRICELIST SPUN - OUTBOUND VISA - APRIL 2026,luar ke indo visa.pdf,1
17,asia-china-and-japan-surabaya-jurisdiction-japan-multiple-entry-tourist-visa-regular,ASIA - CHINA & JAPAN,SURABAYA JURISDICTION,Japan Multiple Entry Tourist Visa - Regular,2279000,IDR,,,April 2026,PRICELIST SPUN - OUTBOUND VISA - APRIL 2026,luar ke indo visa.pdf,1
18,asia-china-and-japan-medan-jurisdiction-china-single-entry-tourist-business-visa-regular,ASIA - CHINA & JAPAN,MEDAN JURISDICTION,China Single Entry Tourist/Business Visa - Regular,2809000,IDR,,,April 2026,PRICELIST SPUN - OUTBOUND VISA - APRIL 2026,luar ke indo visa.pdf,2
19,asia-china-and-japan-medan-jurisdiction-china-single-entry-tourist-business-visa-express,ASIA - CHINA & JAPAN,MEDAN JURISDICTION,China Single Entry Tourist/Business Visa - Express,3739000,IDR,,,April 2026,PRICELIST SPUN - OUTBOUND VISA - APRIL 2026,luar ke indo visa.pdf,2
20,asia-china-and-japan-medan-jurisdiction-china-double-entry-tourist-business-visa-regular,ASIA - CHINA & JAPAN,MEDAN JURISDICTION,China Double Entry Tourist/Business Visa - Regular,3289000,IDR,,,April 2026,PRICELIST SPUN - OUTBOUND VISA - APRIL 2026,luar ke indo visa.pdf,2
21,asia-china-and-japan-medan-jurisdiction-china-double-entry-tourist-business-visa-express,ASIA - CHINA & JAPAN,MEDAN JURISDICTION,China Double Entry Tourist/Business Visa - Express,5299000,IDR,,,April 2026,PRICELIST SPUN - OUTBOUND VISA - APRIL 2026,luar ke indo visa.pdf,2
22,asia-china-and-japan-medan-jurisdiction-china-multiple-entry-business-asean-visa-regular,ASIA - CHINA & JAPAN,MEDAN JURISDICTION,China Multiple Entry Business ASEAN Visa - Regular,4339000,IDR,,,April 2026,PRICELIST SPUN - OUTBOUND VISA - APRIL 2026,luar ke indo visa.pdf,2
23,asia-china-and-japan-medan-jurisdiction-china-multiple-entry-business-asean-visa-express,ASIA - CHINA & JAPAN,MEDAN JURISDICTION,China Multiple Entry Business ASEAN Visa - Express,5359000,IDR,,,April 2026,PRICELIST SPUN - OUTBOUND VISA - APRIL 2026,luar ke indo visa.pdf,2
24,asia-china-and-japan-medan-jurisdiction-japan-single-entry-tourist-visa-regular,ASIA - CHINA & JAPAN,MEDAN JURISDICTION,Japan Single Entry Tourist Visa - Regular,3299000,IDR,,,April 2026,PRICELIST SPUN - OUTBOUND VISA - APRIL 2026,luar ke indo visa.pdf,2
25,asia-china-and-japan-medan-jurisdiction-japan-multiple-entry-tourist-visa-regular,ASIA - CHINA & JAPAN,MEDAN JURISDICTION,Japan Multiple Entry Tourist Visa - Regular,3619000,IDR,,,April 2026,PRICELIST SPUN - OUTBOUND VISA - APRIL 2026,luar ke indo visa.pdf,2
26,asia-china-and-japan-denpasar-jurisdiction-china-single-entry-tourist-business-visa-regular,ASIA - CHINA & JAPAN,DENPASAR JURISDICTION,China Single Entry Tourist/Business Visa - Regular,3639000,IDR,,,April 2026,PRICELIST SPUN - OUTBOUND VISA - APRIL 2026,luar ke indo visa.pdf,2
27,asia-china-and-japan-denpasar-jurisdiction-china-double-entry-tourist-business-visa-regular,ASIA - CHINA & JAPAN,DENPASAR JURISDICTION,China Double Entry Tourist/Business Visa - Regular,3159000,IDR,,,April 2026,PRICELIST SPUN - OUTBOUND VISA - APRIL 2026,luar ke indo visa.pdf,2
28,asia-china-and-japan-denpasar-jurisdiction-china-multiple-entry-business-asean-visa-regular,ASIA - CHINA & JAPAN,DENPASAR JURISDICTION,China Multiple Entry Business ASEAN Visa - Regular,6269000,IDR,,,April 2026,PRICELIST SPUN - OUTBOUND VISA - APRIL 2026,luar ke indo visa.pdf,2
29,asia-china-and-japan-denpasar-jurisdiction-japan-single-entry-tourist-visa-regular,ASIA - CHINA & JAPAN,DENPASAR JURISDICTION,Japan Single Entry Tourist Visa - Regular,3579000,IDR,,,April 2026,PRICELIST SPUN - OUTBOUND VISA - APRIL 2026,luar ke indo visa.pdf,2
30,asia-china-and-japan-denpasar-jurisdiction-japan-multiple-entry-tourist-visa-regular,ASIA - CHINA & JAPAN,DENPASAR JURISDICTION,Japan Multiple Entry Tourist Visa - Regular,3619000,IDR,,,April 2026,PRICELIST SPUN - OUTBOUND VISA - APRIL 2026,luar ke indo visa.pdf,2
31,asia-japan-makassar-jurisdiction-japan-single-entry-tourist-visa-regular,ASIA - JAPAN,MAKASSAR JURISDICTION,Japan Single Entry Tourist Visa - Regular,2769000,IDR,,,April 2026,PRICELIST SPUN - OUTBOUND VISA - APRIL 2026,luar ke indo visa.pdf,3
32,asia-japan-makassar-jurisdiction-japan-multiple-entry-tourist-visa-regular,ASIA - JAPAN,MAKASSAR JURISDICTION,Japan Multiple Entry Tourist Visa - Regular,3219000,IDR,,,April 2026,PRICELIST SPUN - OUTBOUND VISA - APRIL 2026,luar ke indo visa.pdf,3
33,rest-of-asia-general-korea-single-entry-tourist-visa-regular,REST OF ASIA,,Korea Single Entry Tourist Visa - Regular,2579000,IDR,,,April 2026,PRICELIST SPUN - OUTBOUND VISA - APRIL 2026,luar ke indo visa.pdf,3
34,rest-of-asia-general-korea-single-entry-tourist-visa-express,REST OF ASIA,,Korea Single Entry Tourist Visa - Express,3819000,IDR,,,April 2026,PRICELIST SPUN - OUTBOUND VISA - APRIL 2026,luar ke indo visa.pdf,3
35,rest-of-asia-general-korea-double-entry-tourist-visa-regular,REST OF ASIA,,Korea Double Entry Tourist Visa - Regular,3729000,IDR,,,April 2026,PRICELIST SPUN - OUTBOUND VISA - APRIL 2026,luar ke indo visa.pdf,3
36,rest-of-asia-general-korea-double-entry-tourist-visa-express,REST OF ASIA,,Korea Double Entry Tourist Visa - Express,4889000,IDR,,,April 2026,PRICELIST SPUN - OUTBOUND VISA - APRIL 2026,luar ke indo visa.pdf,3
37,rest-of-asia-general-korea-multiple-entry-tourist-visa-regular,REST OF ASIA,,Korea Multiple Entry Tourist Visa - Regular,3999000,IDR,,,April 2026,PRICELIST SPUN - OUTBOUND VISA - APRIL 2026,luar ke indo visa.pdf,3
38,rest-of-asia-general-korea-multiple-entry-tourist-visa-express,REST OF ASIA,,Korea Multiple Entry Tourist Visa - Express,5049000,IDR,,,April 2026,PRICELIST SPUN - OUTBOUND VISA - APRIL 2026,luar ke indo visa.pdf,3
39,rest-of-asia-general-korea-short-term-business-visa-regular,REST OF ASIA,,Korea Short Term Business Visa - Regular,2579000,IDR,,,April 2026,PRICELIST SPUN - OUTBOUND VISA - APRIL 2026,luar ke indo visa.pdf,3
40,rest-of-asia-general-korea-short-term-business-visa-express,REST OF ASIA,,Korea Short Term Business Visa - Express,3819000,IDR,,,April 2026,PRICELIST SPUN - OUTBOUND VISA - APRIL 2026,luar ke indo visa.pdf,3
41,rest-of-asia-general-taiwan-single-entry-visitor-business-visa-regular,REST OF ASIA,,Taiwan Single Entry Visitor/Business Visa - Regular,2239000,IDR,,,April 2026,PRICELIST SPUN - OUTBOUND VISA - APRIL 2026,luar ke indo visa.pdf,3
42,rest-of-asia-general-taiwan-single-entry-visitor-business-visa-express,REST OF ASIA,,Taiwan Single Entry Visitor/Business Visa - Express,2649000,IDR,,,April 2026,PRICELIST SPUN - OUTBOUND VISA - APRIL 2026,luar ke indo visa.pdf,3
43,rest-of-asia-general-taiwan-travel-authorization-certificate,REST OF ASIA,,Taiwan Travel Authorization Certificate,539000,IDR,,,April 2026,PRICELIST SPUN - OUTBOUND VISA - APRIL 2026,luar ke indo visa.pdf,3
44,rest-of-asia-general-japan-visa-waiver,REST OF ASIA,,Japan Visa Waiver,539000,IDR,,,April 2026,PRICELIST SPUN - OUTBOUND VISA - APRIL 2026,luar ke indo visa.pdf,3
45,rest-of-asia-general-india-tourist-e-visa-30-days-regular,REST OF ASIA,,India Tourist e-Visa (30 days) - Regular,999000,IDR,,,April 2026,PRICELIST SPUN - OUTBOUND VISA - APRIL 2026,luar ke indo visa.pdf,3
46,rest-of-asia-general-mongolia-single-entry-tourist-visa-regular,REST OF ASIA,,Mongolia Single Entry Tourist Visa - Regular,2439000,IDR,,,April 2026,PRICELIST SPUN - OUTBOUND VISA - APRIL 2026,luar ke indo visa.pdf,3
47,rest-of-asia-general-malaysia-3-months-tourist-visa-regular,REST OF ASIA,,Malaysia 3 Months Tourist Visa - Regular,5289000,IDR,,,April 2026,PRICELIST SPUN - OUTBOUND VISA - APRIL 2026,luar ke indo visa.pdf,3
48,rest-of-asia-general-kyrgyzstan-single-entry-visa-regular,REST OF ASIA,,Kyrgyzstan Single Entry Visa - Regular,2259000,IDR,,,April 2026,PRICELIST SPUN - OUTBOUND VISA - APRIL 2026,luar ke indo visa.pdf,3
49,rest-of-asia-general-apec-business-travel-card-regular,REST OF ASIA,,APEC Business Travel Card - Regular,11999000,IDR,,,April 2026,PRICELIST SPUN - OUTBOUND VISA - APRIL 2026,luar ke indo visa.pdf,3
50,oceania-general-australia-tourist-business-visitor-visa,OCEANIA,,Australia Tourist/Business Visitor Visa,4649000,IDR,,,April 2026,PRICELIST SPUN - OUTBOUND VISA - APRIL 2026,luar ke indo visa.pdf,4
51,oceania-general-new-zealand-visitor-visa,OCEANIA,,New Zealand Visitor Visa,6659000,IDR,,,April 2026,PRICELIST SPUN - OUTBOUND VISA - APRIL 2026,luar ke indo visa.pdf,4
52,oceania-general-papua-new-guinea-single-entry-visitor-visa,OCEANIA,,Papua New Guinea Single Entry Visitor Visa,2299000,IDR,,,April 2026,PRICELIST SPUN - OUTBOUND VISA - APRIL 2026,luar ke indo visa.pdf,4
53,oceania-general-papua-new-guinea-short-term-business-visa,OCEANIA,,Papua New Guinea Short Term Business Visa,11389000,IDR,,,April 2026,PRICELIST SPUN - OUTBOUND VISA - APRIL 2026,luar ke indo visa.pdf,4
54,europe-schengen-and-uk-jakarta-visa-center-submission-united-kingdom-standard-visitor-visa-6-month-validity,EUROPE - SCHENGEN & UK,JAKARTA VISA CENTER SUBMISSION,United Kingdom Standard Visitor Visa - (6 month validity),5409000,IDR,,,April 2026,PRICELIST SPUN - OUTBOUND VISA - APRIL 2026,luar ke indo visa.pdf,4
55,europe-schengen-and-uk-jakarta-visa-center-submission-schengen-netherlands-tourist-visa,EUROPE - SCHENGEN & UK,JAKARTA VISA CENTER SUBMISSION,Schengen Netherlands Tourist Visa,4199000,IDR,,,April 2026,PRICELIST SPUN - OUTBOUND VISA - APRIL 2026,luar ke indo visa.pdf,4
56,europe-schengen-and-uk-jakarta-visa-center-submission-schengen-spain-tourist-visa,EUROPE - SCHENGEN & UK,JAKARTA VISA CENTER SUBMISSION,Schengen Spain Tourist Visa,3999000,IDR,,,April 2026,PRICELIST SPUN - OUTBOUND VISA - APRIL 2026,luar ke indo visa.pdf,4
57,europe-schengen-and-uk-jakarta-visa-center-submission-schengen-spain-business-visa,EUROPE - SCHENGEN & UK,JAKARTA VISA CENTER SUBMISSION,Schengen Spain Business Visa,4219000,IDR,,,April 2026,PRICELIST SPUN - OUTBOUND VISA - APRIL 2026,luar ke indo visa.pdf,4
58,europe-schengen-and-uk-jakarta-visa-center-submission-schengen-france-tourist-visa,EUROPE - SCHENGEN & UK,JAKARTA VISA CENTER SUBMISSION,Schengen France Tourist Visa,4799000,IDR,,,April 2026,PRICELIST SPUN - OUTBOUND VISA - APRIL 2026,luar ke indo visa.pdf,4
59,europe-schengen-and-uk-jakarta-visa-center-submission-schengen-france-business-visa,EUROPE - SCHENGEN & UK,JAKARTA VISA CENTER SUBMISSION,Schengen France Business Visa,4769000,IDR,,,April 2026,PRICELIST SPUN - OUTBOUND VISA - APRIL 2026,luar ke indo visa.pdf,4
60,europe-schengen-and-uk-jakarta-visa-center-submission-schengen-italy-tourist-visa,EUROPE - SCHENGEN & UK,JAKARTA VISA CENTER SUBMISSION,Schengen Italy Tourist Visa,4199000,IDR,,,April 2026,PRICELIST SPUN - OUTBOUND VISA - APRIL 2026,luar ke indo visa.pdf,4
61,europe-schengen-and-uk-jakarta-visa-center-submission-schengen-italy-business-visa,EUROPE - SCHENGEN & UK,JAKARTA VISA CENTER SUBMISSION,Schengen Italy Business Visa,4399000,IDR,,,April 2026,PRICELIST SPUN - OUTBOUND VISA - APRIL 2026,luar ke indo visa.pdf,4
62,europe-schengen-and-uk-jakarta-visa-center-submission-schengen-germany-tourist-visa,EUROPE - SCHENGEN & UK,JAKARTA VISA CENTER SUBMISSION,Schengen Germany Tourist Visa,4559000,IDR,,,April 2026,PRICELIST SPUN - OUTBOUND VISA - APRIL 2026,luar ke indo visa.pdf,4
63,europe-schengen-and-uk-jakarta-visa-center-submission-schengen-germany-business-visa,EUROPE - SCHENGEN & UK,JAKARTA VISA CENTER SUBMISSION,Schengen Germany Business Visa,4559000,IDR,,,April 2026,PRICELIST SPUN - OUTBOUND VISA - APRIL 2026,luar ke indo visa.pdf,4
64,europe-schengen-and-uk-jakarta-visa-center-submission-schengen-germany-visit-visa,EUROPE - SCHENGEN & UK,JAKARTA VISA CENTER SUBMISSION,Schengen Germany Visit Visa,4559000,IDR,,,April 2026,PRICELIST SPUN - OUTBOUND VISA - APRIL 2026,luar ke indo visa.pdf,4
65,europe-schengen-and-uk-jakarta-visa-center-submission-schengen-belgium-tourist-visa,EUROPE - SCHENGEN & UK,JAKARTA VISA CENTER SUBMISSION,Schengen Belgium Tourist Visa,4399000,IDR,,,April 2026,PRICELIST SPUN - OUTBOUND VISA - APRIL 2026,luar ke indo visa.pdf,4
66,europe-schengen-and-uk-jakarta-visa-center-submission-schengen-switzerland-tourist-business-visa,EUROPE - SCHENGEN & UK,JAKARTA VISA CENTER SUBMISSION,Schengen Switzerland Tourist/Business Visa,4499000,IDR,,,April 2026,PRICELIST SPUN - OUTBOUND VISA - APRIL 2026,luar ke indo visa.pdf,4
67,europe-schengen-and-uk-jakarta-visa-center-submission-schengen-portugal-tourist-visa,EUROPE - SCHENGEN & UK,JAKARTA VISA CENTER SUBMISSION,Schengen Portugal Tourist Visa,4699000,IDR,,,April 2026,PRICELIST SPUN - OUTBOUND VISA - APRIL 2026,luar ke indo visa.pdf,4
68,europe-schengen-and-uk-jakarta-visa-center-submission-schengen-czech-republic-tourist-visa,EUROPE - SCHENGEN & UK,JAKARTA VISA CENTER SUBMISSION,Schengen Czech Republic Tourist Visa,4599000,IDR,,,April 2026,PRICELIST SPUN - OUTBOUND VISA - APRIL 2026,luar ke indo visa.pdf,4
69,europe-schengen-and-uk-jakarta-visa-center-submission-schengen-austria-tourist-business-visa,EUROPE - SCHENGEN & UK,JAKARTA VISA CENTER SUBMISSION,Schengen Austria Tourist/Business Visa,4599000,IDR,,,April 2026,PRICELIST SPUN - OUTBOUND VISA - APRIL 2026,luar ke indo visa.pdf,4
70,europe-schengen-and-uk-jakarta-visa-center-submission-schengen-sweden-tourist-business-visa,EUROPE - SCHENGEN & UK,JAKARTA VISA CENTER SUBMISSION,Schengen Sweden Tourist/Business Visa,4599000,IDR,,,April 2026,PRICELIST SPUN - OUTBOUND VISA - APRIL 2026,luar ke indo visa.pdf,4
71,europe-schengen-and-uk-jakarta-visa-center-submission-schengen-denmark-tourist-visa,EUROPE - SCHENGEN & UK,JAKARTA VISA CENTER SUBMISSION,Schengen Denmark Tourist Visa,4699000,IDR,,,April 2026,PRICELIST SPUN - OUTBOUND VISA - APRIL 2026,luar ke indo visa.pdf,4
72,europe-schengen-and-uk-jakarta-visa-center-submission-schengen-finland-tourist-visa,EUROPE - SCHENGEN & UK,JAKARTA VISA CENTER SUBMISSION,Schengen Finland Tourist Visa,4699000,IDR,,,April 2026,PRICELIST SPUN - OUTBOUND VISA - APRIL 2026,luar ke indo visa.pdf,4
73,europe-schengen-and-uk-jakarta-visa-center-submission-schengen-iceland-tourist-visa,EUROPE - SCHENGEN & UK,JAKARTA VISA CENTER SUBMISSION,Schengen Iceland Tourist Visa,7089000,IDR,,,April 2026,PRICELIST SPUN - OUTBOUND VISA - APRIL 2026,luar ke indo visa.pdf,4
74,europe-schengen-and-uk-jakarta-visa-center-submission-schengen-greece-tourist-business-visa,EUROPE - SCHENGEN & UK,JAKARTA VISA CENTER SUBMISSION,Schengen Greece Tourist/Business Visa,5539000,IDR,,,April 2026,PRICELIST SPUN - OUTBOUND VISA - APRIL 2026,luar ke indo visa.pdf,4
75,europe-schengen-and-uk-jakarta-visa-center-submission-schengen-poland-tourist-business-visa,EUROPE - SCHENGEN & UK,JAKARTA VISA CENTER SUBMISSION,Schengen Poland Tourist/Business Visa,5199000,IDR,,,April 2026,PRICELIST SPUN - OUTBOUND VISA - APRIL 2026,luar ke indo visa.pdf,4
76,europe-schengen-and-uk-jakarta-visa-center-submission-schengen-hungary-tourist-visa,EUROPE - SCHENGEN & UK,JAKARTA VISA CENTER SUBMISSION,Schengen Hungary Tourist Visa,4309000,IDR,,,April 2026,PRICELIST SPUN - OUTBOUND VISA - APRIL 2026,luar ke indo visa.pdf,4
77,europe-schengen-and-uk-jakarta-visa-center-submission-schengen-norway-tourist-visa,EUROPE - SCHENGEN & UK,JAKARTA VISA CENTER SUBMISSION,Schengen Norway Tourist Visa,5739000,IDR,,,April 2026,PRICELIST SPUN - OUTBOUND VISA - APRIL 2026,luar ke indo visa.pdf,4
78,europe-schengen-and-uk-jakarta-visa-center-submission-schengen-slovakia-tourist-visa,EUROPE - SCHENGEN & UK,JAKARTA VISA CENTER SUBMISSION,Schengen Slovakia Tourist Visa,4759000,IDR,,,April 2026,PRICELIST SPUN - OUTBOUND VISA - APRIL 2026,luar ke indo visa.pdf,4
79,europe-schengen-and-uk-jakarta-visa-center-submission-schengen-bulgaria-tourist-business-visa,EUROPE - SCHENGEN & UK,JAKARTA VISA CENTER SUBMISSION,Schengen Bulgaria Tourist/Business Visa,5899000,IDR,,,April 2026,PRICELIST SPUN - OUTBOUND VISA - APRIL 2026,luar ke indo visa.pdf,4
80,europe-schengen-and-uk-jakarta-visa-center-submission-schengen-croatia-tourist-visa,EUROPE - SCHENGEN & UK,JAKARTA VISA CENTER SUBMISSION,Schengen Croatia Tourist Visa,6899000,IDR,,,April 2026,PRICELIST SPUN - OUTBOUND VISA - APRIL 2026,luar ke indo visa.pdf,4
81,europe-schengen-and-uk-surabaya-visa-center-submission-united-kingdom-standard-visitor-visa-surabaya-6-month-validity,EUROPE - SCHENGEN & UK,SURABAYA VISA CENTER SUBMISSION,United Kingdom Standard Visitor Visa - Surabaya (6 month validity),8809000,IDR,,,April 2026,PRICELIST SPUN - OUTBOUND VISA - APRIL 2026,luar ke indo visa.pdf,5
82,europe-schengen-and-uk-surabaya-visa-center-submission-schengen-netherlands-tourist-visa,EUROPE - SCHENGEN & UK,SURABAYA VISA CENTER SUBMISSION,Schengen Netherlands Tourist Visa,5339000,IDR,,,April 2026,PRICELIST SPUN - OUTBOUND VISA - APRIL 2026,luar ke indo visa.pdf,5
83,europe-schengen-and-uk-surabaya-visa-center-submission-schengen-germany-tourist-business-visit-visa,EUROPE - SCHENGEN & UK,SURABAYA VISA CENTER SUBMISSION,Schengen Germany Tourist/Business/Visit Visa,6789000,IDR,,,April 2026,PRICELIST SPUN - OUTBOUND VISA - APRIL 2026,luar ke indo visa.pdf,5
84,europe-schengen-and-uk-surabaya-visa-center-submission-schengen-belgium-tourist-visa,EUROPE - SCHENGEN & UK,SURABAYA VISA CENTER SUBMISSION,Schengen Belgium Tourist Visa,5699000,IDR,,,April 2026,PRICELIST SPUN - OUTBOUND VISA - APRIL 2026,luar ke indo visa.pdf,5
85,europe-schengen-and-uk-denpasar-visa-center-submission-united-kingdom-standard-visitor-visa-bali-6-month-validity,EUROPE - SCHENGEN & UK,DENPASAR VISA CENTER SUBMISSION,United Kingdom Standard Visitor Visa - Bali (6 month validity),11049000,IDR,,,April 2026,PRICELIST SPUN - OUTBOUND VISA - APRIL 2026,luar ke indo visa.pdf,6
86,europe-schengen-and-uk-denpasar-visa-center-submission-schengen-germany-tourist-business-visit-visa,EUROPE - SCHENGEN & UK,DENPASAR VISA CENTER SUBMISSION,Schengen Germany Tourist/Business/Visit Visa,6039000,IDR,,,April 2026,PRICELIST SPUN - OUTBOUND VISA - APRIL 2026,luar ke indo visa.pdf,6
87,europe-schengen-and-uk-denpasar-visa-center-submission-schengen-netherlands-tourist-visa,EUROPE - SCHENGEN & UK,DENPASAR VISA CENTER SUBMISSION,Schengen Netherlands Tourist Visa,6689000,IDR,,,April 2026,PRICELIST SPUN - OUTBOUND VISA - APRIL 2026,luar ke indo visa.pdf,6
88,europe-schengen-and-uk-denpasar-visa-center-submission-schengen-belgium-tourist-visa,EUROPE - SCHENGEN & UK,DENPASAR VISA CENTER SUBMISSION,Schengen Belgium Tourist Visa,5699000,IDR,,,April 2026,PRICELIST SPUN - OUTBOUND VISA - APRIL 2026,luar ke indo visa.pdf,6
89,rest-of-europe-general-albania-single-entry-visa,REST OF EUROPE,,Albania Single Entry Visa,5319000,IDR,,,April 2026,PRICELIST SPUN - OUTBOUND VISA - APRIL 2026,luar ke indo visa.pdf,6
90,rest-of-europe-general-georgia-short-stay-visitor-visa,REST OF EUROPE,,Georgia Short Stay Visitor Visa,1815000,IDR,,,April 2026,PRICELIST SPUN - OUTBOUND VISA - APRIL 2026,luar ke indo visa.pdf,6
91,rest-of-europe-general-ireland-short-stay-tourist-visa,REST OF EUROPE,,Ireland Short Stay Tourist Visa,1599000,IDR,,,April 2026,PRICELIST SPUN - OUTBOUND VISA - APRIL 2026,luar ke indo visa.pdf,6
92,rest-of-europe-general-russia-single-entry-electronic-visa,REST OF EUROPE,,Russia Single Entry Electronic Visa,3359000,IDR,,,April 2026,PRICELIST SPUN - OUTBOUND VISA - APRIL 2026,luar ke indo visa.pdf,6
93,americas-general-united-states-business-and-tourist-visa-b1-b2,AMERICAS,,United States Business and Tourist Visa B1/B2,6209000,IDR,,,April 2026,PRICELIST SPUN - OUTBOUND VISA - APRIL 2026,luar ke indo visa.pdf,6
94,americas-general-united-states-b1-b2-visa-extension-with-interview-waiver,AMERICAS,,United States B1/B2 Visa Extension with Interview Waiver,6209000,IDR,,,April 2026,PRICELIST SPUN - OUTBOUND VISA - APRIL 2026,luar ke indo visa.pdf,6
95,americas-general-canada-tourist-visa,AMERICAS,,Canada Tourist Visa,6359000,IDR,,,April 2026,PRICELIST SPUN - OUTBOUND VISA - APRIL 2026,luar ke indo visa.pdf,6
96,americas-general-mexico-visitor-visa,AMERICAS,,Mexico Visitor Visa,3379000,IDR,,,April 2026,PRICELIST SPUN - OUTBOUND VISA - APRIL 2026,luar ke indo visa.pdf,6
97,americas-general-argentina-electronic-travel-authorization-eta-ave,AMERICAS,,Argentina Electronic Travel Authorization (eTA/AVE),12429000,IDR,,,April 2026,PRICELIST SPUN - OUTBOUND VISA - APRIL 2026,luar ke indo visa.pdf,6
98,americas-general-argentina-single-entry-business-visa,AMERICAS,,Argentina Single Entry Business Visa,9849000,IDR,,,April 2026,PRICELIST SPUN - OUTBOUND VISA - APRIL 2026,luar ke indo visa.pdf,6
99,americas-general-argentina-single-entry-tourist-visa,AMERICAS,,Argentina Single Entry Tourist Visa,6579000,IDR,,,April 2026,PRICELIST SPUN - OUTBOUND VISA - APRIL 2026,luar ke indo visa.pdf,6
100,africa-and-middle-east-general-bahrain-single-entry-visa,AFRICA & MIDDLE EAST,,Bahrain Single Entry Visa,1899000,IDR,,,April 2026,PRICELIST SPUN - OUTBOUND VISA - APRIL 2026,luar ke indo visa.pdf,7
101,africa-and-middle-east-general-bahrain-multiple-entry-visa,AFRICA & MIDDLE EAST,,Bahrain Multiple Entry Visa,2169000,IDR,,,April 2026,PRICELIST SPUN - OUTBOUND VISA - APRIL 2026,luar ke indo visa.pdf,7
102,africa-and-middle-east-general-egypt-single-entry-visitor-visa,AFRICA & MIDDLE EAST,,Egypt Single Entry Visitor Visa,4179000,IDR,,,April 2026,PRICELIST SPUN - OUTBOUND VISA - APRIL 2026,luar ke indo visa.pdf,7
103,africa-and-middle-east-general-south-africa-single-multiple-entry-visa,AFRICA & MIDDLE EAST,,South Africa Single / Multiple Entry Visa,3159000,IDR,,,April 2026,PRICELIST SPUN - OUTBOUND VISA - APRIL 2026,luar ke indo visa.pdf,7
104,africa-and-middle-east-general-saudi-arabia-umrah-visa,AFRICA & MIDDLE EAST,,Saudi Arabia Umrah Visa,5279000,IDR,,,April 2026,PRICELIST SPUN - OUTBOUND VISA - APRIL 2026,luar ke indo visa.pdf,7
105,africa-and-middle-east-general-united-arab-emirates-single-entry-visa,AFRICA & MIDDLE EAST,,United Arab Emirates Single Entry Visa,4999000,IDR,,,April 2026,PRICELIST SPUN - OUTBOUND VISA - APRIL 2026,luar ke indo visa.pdf,7
106,africa-and-middle-east-general-united-arab-emirates-multiple-entry-visa-30-days,AFRICA & MIDDLE EAST,,United Arab Emirates Multiple Entry Visa - 30 days,11649000,IDR,,,April 2026,PRICELIST SPUN - OUTBOUND VISA - APRIL 2026,luar ke indo visa.pdf,7
107,africa-and-middle-east-general-united-arab-emirates-transit-visa-regular-48-hours-etihad-airways,AFRICA & MIDDLE EAST,,United Arab Emirates Transit Visa - Regular - 48 Hours (Etihad Airways),1399000,IDR,,,April 2026,PRICELIST SPUN - OUTBOUND VISA - APRIL 2026,luar ke indo visa.pdf,7
108,africa-and-middle-east-general-united-arab-emirates-transit-visa-express-48-hours-etihad-airways,AFRICA & MIDDLE EAST,,United Arab Emirates Transit Visa - Express - 48 Hours (Etihad Airways),1839000,IDR,,,April 2026,PRICELIST SPUN - OUTBOUND VISA - APRIL 2026,luar ke indo visa.pdf,7
109,africa-and-middle-east-general-united-arab-emirates-transit-visa-regular-96-hours-etihad-airways,AFRICA & MIDDLE EAST,,United Arab Emirates Transit Visa - Regular - 96 Hours (Etihad Airways),2469000,IDR,,,April 2026,PRICELIST SPUN - OUTBOUND VISA - APRIL 2026,luar ke indo visa.pdf,7
110,africa-and-middle-east-general-united-arab-emirates-transit-visa-express-96-hours-etihad-airways,AFRICA & MIDDLE EAST,,United Arab Emirates Transit Visa - Express - 96 Hours (Etihad Airways),3829000,IDR,,,April 2026,PRICELIST SPUN - OUTBOUND VISA - APRIL 2026,luar ke indo visa.pdf,7
111,africa-and-middle-east-general-united-arab-emirates-transit-visa-regular-48-hours-emirates,AFRICA & MIDDLE EAST,,United Arab Emirates Transit Visa - Regular - 48 Hours (Emirates),1399000,IDR,,,April 2026,PRICELIST SPUN - OUTBOUND VISA - APRIL 2026,luar ke indo visa.pdf,7
112,africa-and-middle-east-general-united-arab-emirates-transit-visa-regular-48-hours-emirates-2,AFRICA & MIDDLE EAST,,United Arab Emirates Transit Visa - Regular - 48 Hours (Emirates),1399000,IDR,,,April 2026,PRICELIST SPUN - OUTBOUND VISA - APRIL 2026,luar ke indo visa.pdf,7
113,africa-and-middle-east-general-united-arab-emirates-transit-visa-express-48-hours-emirates,AFRICA & MIDDLE EAST,,United Arab Emirates Transit Visa - Express - 48 Hours (Emirates),1839000,IDR,,,April 2026,PRICELIST SPUN - OUTBOUND VISA - APRIL 2026,luar ke indo visa.pdf,7
114,africa-and-middle-east-general-united-arab-emirates-transit-visa-express-48-hours-emirates-2,AFRICA & MIDDLE EAST,,United Arab Emirates Transit Visa - Express - 48 Hours (Emirates),1839000,IDR,,,April 2026,PRICELIST SPUN - OUTBOUND VISA - APRIL 2026,luar ke indo visa.pdf,7
115,africa-and-middle-east-general-united-arab-emirates-transit-visa-regular-96-hours-emirates,AFRICA & MIDDLE EAST,,United Arab Emirates Transit Visa - Regular - 96 Hours (Emirates),2469000,IDR,,,April 2026,PRICELIST SPUN - OUTBOUND VISA - APRIL 2026,luar ke indo visa.pdf,7
116,africa-and-middle-east-general-united-arab-emirates-transit-visa-express-96-hours-emirates,AFRICA & MIDDLE EAST,,United Arab Emirates Transit Visa - Express - 96 Hours (Emirates),2829000,IDR,,,April 2026,PRICELIST SPUN - OUTBOUND VISA - APRIL 2026,luar ke indo visa.pdf,7
117,passport-service-general-indonesian-electronic-passport-new-extension-other-cities-5-years-express,PASSPORT SERVICE,,"Indonesian Electronic Passport, New/Extension (Other Cities) - 5 Years - Express",3299000,IDR,,,April 2026,PRICELIST SPUN - OUTBOUND VISA - APRIL 2026,luar ke indo visa.pdf,8
118,passport-service-general-indonesian-electronic-passport-new-extension-jatabek-area-5-years-super-express-1-day-service,PASSPORT SERVICE,,"Indonesian Electronic Passport, New/Extension (JaTaBek Area) - 5 Years - Super Express (1 day service)",5499000,IDR,,,April 2026,PRICELIST SPUN - OUTBOUND VISA - APRIL 2026,luar ke indo visa.pdf,8
119,passport-service-general-indonesian-electronic-passport-new-extension-other-cities-5-years-express-2,PASSPORT SERVICE,,"Indonesian Electronic Passport, New/Extension (Other Cities) - 5 Years - Express",5299000,IDR,,,April 2026,PRICELIST SPUN - OUTBOUND VISA - APRIL 2026,luar ke indo visa.pdf,8
120,passport-service-general-indonesian-electronic-passport-new-extension-jatabek-area-10-years-express,PASSPORT SERVICE,,"Indonesian Electronic Passport, New/Extension (JaTaBek Area) - 10 Years - Express",4499000,IDR,,,April 2026,PRICELIST SPUN - OUTBOUND VISA - APRIL 2026,luar ke indo visa.pdf,8
121,passport-service-general-indonesian-electronic-passport-new-extension-jatabek-area-10-years-super-express-1-day-service,PASSPORT SERVICE,,"Indonesian Electronic Passport, New/Extension (JaTaBek Area) - 10 Years - Super Express (1 day service)",5749000,IDR,,,April 2026,PRICELIST SPUN - OUTBOUND VISA - APRIL 2026,luar ke indo visa.pdf,8
122,passport-service-general-indonesian-electronic-passport-new-extension-other-cities-10-years-express,PASSPORT SERVICE,,"Indonesian Electronic Passport, New/Extension (Other Cities) - 10 Years - Express",5624000,IDR,,,April 2026,PRICELIST SPUN - OUTBOUND VISA - APRIL 2026,luar ke indo visa.pdf,8
123,passport-service-general-indonesian-48-page-passport-new-extension-all-cities-5-years-express,PASSPORT SERVICE,,"Indonesian 48-page passport, New/Extension (All Cities) - 5 Years - Express",6899000,IDR,,,April 2026,PRICELIST SPUN - OUTBOUND VISA - APRIL 2026,luar ke indo visa.pdf,8
124,passport-service-general-indonesian-48-page-passport-new-extension-all-cities-10-years-express,PASSPORT SERVICE,,"Indonesian 48-page passport, New/Extension (All Cities) - 10 Years - Express",4149000,IDR,,,April 2026,PRICELIST SPUN - OUTBOUND VISA - APRIL 2026,luar ke indo visa.pdf,8
125,add-on-service-general-document-translation-english-per-page-regular,ADD-ON SERVICE,,Document translation - English (per page) - Regular,799000,IDR,,,April 2026,PRICELIST SPUN - OUTBOUND VISA - APRIL 2026,luar ke indo visa.pdf,9
126,add-on-service-general-document-translation-english-per-page-express,ADD-ON SERVICE,,Document translation - English (per page) - Express,1149000,IDR,,,April 2026,PRICELIST SPUN - OUTBOUND VISA - APRIL 2026,luar ke indo visa.pdf,9
127,add-on-service-general-temporary-flight-booking,ADD-ON SERVICE,,Temporary Flight Booking,1409000,IDR,,,April 2026,PRICELIST SPUN - OUTBOUND VISA - APRIL 2026,luar ke indo visa.pdf,9
128,add-on-service-general-multi-country-flight-booking,ADD-ON SERVICE,,Multi-Country Flight Booking,1219000,IDR,,,April 2026,PRICELIST SPUN - OUTBOUND VISA - APRIL 2026,luar ke indo visa.pdf,9
129,add-on-service-general-temporary-hotel-booking,ADD-ON SERVICE,,Temporary Hotel Booking,525000,IDR,,,April 2026,PRICELIST SPUN - OUTBOUND VISA - APRIL 2026,luar ke indo visa.pdf,9
130,add-on-service-general-travel-insurance-deluxe-less-than-14-days,ADD-ON SERVICE,,Travel Insurance - Deluxe - Less Than 14 Days,2209000,IDR,,,April 2026,PRICELIST SPUN - OUTBOUND VISA - APRIL 2026,luar ke indo visa.pdf,9
131,add-on-service-general-travel-insurance-deluxe-less-than-30-days,ADD-ON SERVICE,,Travel Insurance - Deluxe - Less Than 30 Days,2789000,IDR,,,April 2026,PRICELIST SPUN - OUTBOUND VISA - APRIL 2026,luar ke indo visa.pdf,9
132,add-on-service-general-travel-insurance-deluxe-30-60-days,ADD-ON SERVICE,,Travel Insurance - Deluxe - 30-60 days,4009000,IDR,,,April 2026,PRICELIST SPUN - OUTBOUND VISA - APRIL 2026,luar ke indo visa.pdf,9
133,add-on-service-general-yearly-travel-insurance-deluxe-pacific-country-and-schengen,ADD-ON SERVICE,,Yearly Travel Insurance - Deluxe - Pacific Country & Schengen,4999000,IDR,,,April 2026,PRICELIST SPUN - OUTBOUND VISA - APRIL 2026,luar ke indo visa.pdf,9
134,add-on-service-general-yearly-travel-insurance-deluxe-worldwide-exclude-us-and-canada,ADD-ON SERVICE,,Yearly Travel Insurance - Deluxe - Worldwide (exclude US & Canada),5159000,IDR,,,April 2026,PRICELIST SPUN - OUTBOUND VISA - APRIL 2026,luar ke indo visa.pdf,9
135,add-on-service-general-yearly-travel-insurance-deluxe-worldwide-include-us-and-canada,ADD-ON SERVICE,,Yearly Travel Insurance - Deluxe - Worldwide (include US & Canada),6609000,IDR,,,April 2026,PRICELIST SPUN - OUTBOUND VISA - APRIL 2026,luar ke indo visa.pdf,9
136,add-on-service-general-photo-printing-service,ADD-ON SERVICE,,Photo Printing Service,549000,IDR,,,April 2026,PRICELIST SPUN - OUTBOUND VISA - APRIL 2026,luar ke indo visa.pdf,9
